platform,algorithm,operation,message_size,run,ops,latency_ms
ubuntu-linux,ecdsa-p256,keygen,na,1,1,1.181755
ubuntu-linux,ecdsa-p256,keygen,na,2,1,0.046007
ubuntu-linux,ecdsa-p256,keygen,na,3,1,0.038312
ubuntu-linux,ecdsa-p256,keygen,na,4,1,0.035276
ubuntu-linux,ecdsa-p256,keygen,na,5,1,0.034485
ubuntu-linux,ecdsa-p256,keygen,na,6,1,0.033854
ubuntu-linux,ecdsa-p256,keygen,na,7,1,0.033293
ubuntu-linux,ecdsa-p256,keygen,na,8,1,0.032020
ubuntu-linux,ecdsa-p256,keygen,na,9,1,0.033263
ubuntu-linux,ecdsa-p256,keygen,na,10,1,0.041808
ubuntu-linux,ecdsa-p256,keygen,na,11,1,0.034024
ubuntu-linux,ecdsa-p256,keygen,na,12,1,0.032611
ubuntu-linux,ecdsa-p256,keygen,na,13,1,0.032101
ubuntu-linux,ecdsa-p256,keygen,na,14,1,0.033553
ubuntu-linux,ecdsa-p256,keygen,na,15,1,0.032221
ubuntu-linux,ecdsa-p256,keygen,na,16,1,0.032050
ubuntu-linux,ecdsa-p256,keygen,na,17,1,0.031930
ubuntu-linux,ecdsa-p256,keygen,na,18,1,0.031930
ubuntu-linux,ecdsa-p256,keygen,na,19,1,0.032361
ubuntu-linux,ecdsa-p256,keygen,na,20,1,0.031760
ubuntu-linux,ecdsa-p256,keygen,na,21,1,0.031790
ubuntu-linux,ecdsa-p256,keygen,na,22,1,0.032912
ubuntu-linux,ecdsa-p256,keygen,na,23,1,0.072878
ubuntu-linux,ecdsa-p256,keygen,na,24,1,0.094628
ubuntu-linux,ecdsa-p256,keygen,na,25,1,0.072196
ubuntu-linux,ecdsa-p256,keygen,na,26,1,0.066185
ubuntu-linux,ecdsa-p256,keygen,na,27,1,0.066305
ubuntu-linux,ecdsa-p256,keygen,na,28,1,0.064692
ubuntu-linux,ecdsa-p256,keygen,na,29,1,0.067497
ubuntu-linux,ecdsa-p256,keygen,na,30,1,0.068890
ubuntu-linux,ecdsa-p256,sign,1KiB,1,1,0.373513
ubuntu-linux,ecdsa-p256,verify,1KiB,1,1,0.366591
ubuntu-linux,ecdsa-p256,sign,1KiB,2,1,0.458242
ubuntu-linux,ecdsa-p256,verify,1KiB,2,1,0.400374
ubuntu-linux,ecdsa-p256,sign,1KiB,3,1,0.407728
ubuntu-linux,ecdsa-p256,verify,1KiB,3,1,0.357874
ubuntu-linux,ecdsa-p256,sign,1KiB,4,1,0.402277
ubuntu-linux,ecdsa-p256,verify,1KiB,4,1,0.336273
ubuntu-linux,ecdsa-p256,sign,1KiB,5,1,0.345491
ubuntu-linux,ecdsa-p256,verify,1KiB,5,1,0.334039
ubuntu-linux,ecdsa-p256,sign,1KiB,6,1,0.336744
ubuntu-linux,ecdsa-p256,verify,1KiB,6,1,0.320043
ubuntu-linux,ecdsa-p256,sign,1KiB,7,1,0.364306
ubuntu-linux,ecdsa-p256,verify,1KiB,7,1,0.348466
ubuntu-linux,ecdsa-p256,sign,1KiB,8,1,0.354678
ubuntu-linux,ecdsa-p256,verify,1KiB,8,1,0.339169
ubuntu-linux,ecdsa-p256,sign,1KiB,9,1,0.399973
ubuntu-linux,ecdsa-p256,verify,1KiB,9,1,0.368273
ubuntu-linux,ecdsa-p256,sign,1KiB,10,1,0.378553
ubuntu-linux,ecdsa-p256,verify,1KiB,10,1,0.333638
ubuntu-linux,ecdsa-p256,sign,1KiB,11,1,0.364276
ubuntu-linux,ecdsa-p256,verify,1KiB,11,1,0.366651
ubuntu-linux,ecdsa-p256,sign,1KiB,12,1,0.369376
ubuntu-linux,ecdsa-p256,verify,1KiB,12,1,0.350510
ubuntu-linux,ecdsa-p256,sign,1KiB,13,1,0.354327
ubuntu-linux,ecdsa-p256,verify,1KiB,13,1,0.327797
ubuntu-linux,ecdsa-p256,sign,1KiB,14,1,0.350750
ubuntu-linux,ecdsa-p256,verify,1KiB,14,1,0.323249
ubuntu-linux,ecdsa-p256,sign,1KiB,15,1,0.341473
ubuntu-linux,ecdsa-p256,verify,1KiB,15,1,0.331003
ubuntu-linux,ecdsa-p256,sign,1KiB,16,1,0.339950
ubuntu-linux,ecdsa-p256,verify,1KiB,16,1,0.321475
ubuntu-linux,ecdsa-p256,sign,1KiB,17,1,0.349078
ubuntu-linux,ecdsa-p256,verify,1KiB,17,1,0.323089
ubuntu-linux,ecdsa-p256,sign,1KiB,18,1,0.359587
ubuntu-linux,ecdsa-p256,verify,1KiB,18,1,0.349338
ubuntu-linux,ecdsa-p256,sign,1KiB,19,1,0.348266
ubuntu-linux,ecdsa-p256,verify,1KiB,19,1,0.336634
ubuntu-linux,ecdsa-p256,sign,1KiB,20,1,0.346041
ubuntu-linux,ecdsa-p256,verify,1KiB,20,1,0.323198
ubuntu-linux,ecdsa-p256,sign,1KiB,21,1,0.342054
ubuntu-linux,ecdsa-p256,verify,1KiB,21,1,0.326525
ubuntu-linux,ecdsa-p256,sign,1KiB,22,1,0.357343
ubuntu-linux,ecdsa-p256,verify,1KiB,22,1,0.342455
ubuntu-linux,ecdsa-p256,sign,1KiB,23,1,0.349147
ubuntu-linux,ecdsa-p256,verify,1KiB,23,1,0.326836
ubuntu-linux,ecdsa-p256,sign,1KiB,24,1,0.348446
ubuntu-linux,ecdsa-p256,verify,1KiB,24,1,0.322758
ubuntu-linux,ecdsa-p256,sign,1KiB,25,1,0.338808
ubuntu-linux,ecdsa-p256,verify,1KiB,25,1,0.334119
ubuntu-linux,ecdsa-p256,sign,1KiB,26,1,0.335942
ubuntu-linux,ecdsa-p256,verify,1KiB,26,1,0.321816
ubuntu-linux,ecdsa-p256,sign,1KiB,27,1,0.349138
ubuntu-linux,ecdsa-p256,verify,1KiB,27,1,0.320243
ubuntu-linux,ecdsa-p256,sign,1KiB,28,1,0.365479
ubuntu-linux,ecdsa-p256,verify,1KiB,28,1,0.341714
ubuntu-linux,ecdsa-p256,sign,1KiB,29,1,0.341062
ubuntu-linux,ecdsa-p256,verify,1KiB,29,1,0.321124
ubuntu-linux,ecdsa-p256,sign,1KiB,30,1,0.347264
ubuntu-linux,ecdsa-p256,verify,1KiB,30,1,0.318700
ubuntu-linux,ecdsa-p256,sign,16KiB,1,1,0.375667
ubuntu-linux,ecdsa-p256,verify,16KiB,1,1,0.370227
ubuntu-linux,ecdsa-p256,sign,16KiB,2,1,0.366810
ubuntu-linux,ecdsa-p256,verify,16KiB,2,1,0.340401
ubuntu-linux,ecdsa-p256,sign,16KiB,3,1,0.364797
ubuntu-linux,ecdsa-p256,verify,16KiB,3,1,0.347654
ubuntu-linux,ecdsa-p256,sign,16KiB,4,1,0.347595
ubuntu-linux,ecdsa-p256,verify,16KiB,4,1,0.335753
ubuntu-linux,ecdsa-p256,sign,16KiB,5,1,0.355820
ubuntu-linux,ecdsa-p256,verify,16KiB,5,1,0.329240
ubuntu-linux,ecdsa-p256,sign,16KiB,6,1,0.349949
ubuntu-linux,ecdsa-p256,verify,16KiB,6,1,0.338558
ubuntu-linux,ecdsa-p256,sign,16KiB,7,1,0.347314
ubuntu-linux,ecdsa-p256,verify,16KiB,7,1,0.332516
ubuntu-linux,ecdsa-p256,sign,16KiB,8,1,0.352685
ubuntu-linux,ecdsa-p256,verify,16KiB,8,1,0.328839
ubuntu-linux,ecdsa-p256,sign,16KiB,9,1,0.345701
ubuntu-linux,ecdsa-p256,verify,16KiB,9,1,0.336043
ubuntu-linux,ecdsa-p256,sign,16KiB,10,1,0.346773
ubuntu-linux,ecdsa-p256,verify,16KiB,10,1,0.325273
ubuntu-linux,ecdsa-p256,sign,16KiB,11,1,0.359307
ubuntu-linux,ecdsa-p256,verify,16KiB,11,1,0.334550
ubuntu-linux,ecdsa-p256,sign,16KiB,12,1,0.357203
ubuntu-linux,ecdsa-p256,verify,16KiB,12,1,0.342555
ubuntu-linux,ecdsa-p256,sign,16KiB,13,1,0.360790
ubuntu-linux,ecdsa-p256,verify,16KiB,13,1,0.329070
ubuntu-linux,ecdsa-p256,sign,16KiB,14,1,0.357122
ubuntu-linux,ecdsa-p256,verify,16KiB,14,1,0.328319
ubuntu-linux,ecdsa-p256,sign,16KiB,15,1,0.354237
ubuntu-linux,ecdsa-p256,verify,16KiB,15,1,0.330783
ubuntu-linux,ecdsa-p256,sign,16KiB,16,1,0.351152
ubuntu-linux,ecdsa-p256,verify,16KiB,16,1,0.342816
ubuntu-linux,ecdsa-p256,sign,16KiB,17,1,0.356952
ubuntu-linux,ecdsa-p256,verify,16KiB,17,1,0.332487
ubuntu-linux,ecdsa-p256,sign,16KiB,18,1,0.357674
ubuntu-linux,ecdsa-p256,verify,16KiB,18,1,0.329782
ubuntu-linux,ecdsa-p256,sign,16KiB,19,1,0.345691
ubuntu-linux,ecdsa-p256,verify,16KiB,19,1,0.345942
ubuntu-linux,ecdsa-p256,sign,16KiB,20,1,0.345410
ubuntu-linux,ecdsa-p256,verify,16KiB,20,1,0.331013
ubuntu-linux,ecdsa-p256,sign,16KiB,21,1,0.357654
ubuntu-linux,ecdsa-p256,verify,16KiB,21,1,0.326885
ubuntu-linux,ecdsa-p256,sign,16KiB,22,1,0.368434
ubuntu-linux,ecdsa-p256,verify,16KiB,22,1,0.342114
ubuntu-linux,ecdsa-p256,sign,16KiB,23,1,0.348957
ubuntu-linux,ecdsa-p256,verify,16KiB,23,1,0.332977
ubuntu-linux,ecdsa-p256,sign,16KiB,24,1,0.358465
ubuntu-linux,ecdsa-p256,verify,16KiB,24,1,0.327437
ubuntu-linux,ecdsa-p256,sign,16KiB,25,1,0.342976
ubuntu-linux,ecdsa-p256,verify,16KiB,25,1,0.340612
ubuntu-linux,ecdsa-p256,sign,16KiB,26,1,0.343126
ubuntu-linux,ecdsa-p256,verify,16KiB,26,1,0.332927
ubuntu-linux,ecdsa-p256,sign,16KiB,27,1,0.360860
ubuntu-linux,ecdsa-p256,verify,16KiB,27,1,0.333498
ubuntu-linux,ecdsa-p256,sign,16KiB,28,1,0.346493
ubuntu-linux,ecdsa-p256,verify,16KiB,28,1,0.338658
ubuntu-linux,ecdsa-p256,sign,16KiB,29,1,0.344629
ubuntu-linux,ecdsa-p256,verify,16KiB,29,1,0.339319
ubuntu-linux,ecdsa-p256,sign,16KiB,30,1,0.348256
ubuntu-linux,ecdsa-p256,verify,16KiB,30,1,0.339750
ubuntu-linux,ecdsa-p256,sign,1MiB,1,1,0.846073
ubuntu-linux,ecdsa-p256,verify,1MiB,1,1,0.819954
ubuntu-linux,ecdsa-p256,sign,1MiB,2,1,0.852545
ubuntu-linux,ecdsa-p256,verify,1MiB,2,1,0.828851
ubuntu-linux,ecdsa-p256,sign,1MiB,3,1,0.834151
ubuntu-linux,ecdsa-p256,verify,1MiB,3,1,0.815315
ubuntu-linux,ecdsa-p256,sign,1MiB,4,1,0.835323
ubuntu-linux,ecdsa-p256,verify,1MiB,4,1,0.819884
ubuntu-linux,ecdsa-p256,sign,1MiB,5,1,0.846464
ubuntu-linux,ecdsa-p256,verify,1MiB,5,1,0.819543
ubuntu-linux,ecdsa-p256,sign,1MiB,6,1,0.828641
ubuntu-linux,ecdsa-p256,verify,1MiB,6,1,0.811868
ubuntu-linux,ecdsa-p256,sign,1MiB,7,1,0.826957
ubuntu-linux,ecdsa-p256,verify,1MiB,7,1,0.803133
ubuntu-linux,ecdsa-p256,sign,1MiB,8,1,0.827008
ubuntu-linux,ecdsa-p256,verify,1MiB,8,1,0.831796
ubuntu-linux,ecdsa-p256,sign,1MiB,9,1,0.829232
ubuntu-linux,ecdsa-p256,verify,1MiB,9,1,0.809905
ubuntu-linux,ecdsa-p256,sign,1MiB,10,1,0.837487
ubuntu-linux,ecdsa-p256,verify,1MiB,10,1,0.800918
ubuntu-linux,ecdsa-p256,sign,1MiB,11,1,0.829883
ubuntu-linux,ecdsa-p256,verify,1MiB,11,1,0.806128
ubuntu-linux,ecdsa-p256,sign,1MiB,12,1,0.826607
ubuntu-linux,ecdsa-p256,verify,1MiB,12,1,0.813101
ubuntu-linux,ecdsa-p256,sign,1MiB,13,1,0.832327
ubuntu-linux,ecdsa-p256,verify,1MiB,13,1,0.820896
ubuntu-linux,ecdsa-p256,sign,1MiB,14,1,0.834522
ubuntu-linux,ecdsa-p256,verify,1MiB,14,1,0.809264
ubuntu-linux,ecdsa-p256,sign,1MiB,15,1,0.824232
ubuntu-linux,ecdsa-p256,verify,1MiB,15,1,0.809354
ubuntu-linux,ecdsa-p256,sign,1MiB,16,1,0.827819
ubuntu-linux,ecdsa-p256,verify,1MiB,16,1,0.807732
ubuntu-linux,ecdsa-p256,sign,1MiB,17,1,0.841224
ubuntu-linux,ecdsa-p256,verify,1MiB,17,1,0.815095
ubuntu-linux,ecdsa-p256,sign,1MiB,18,1,0.830664
ubuntu-linux,ecdsa-p256,verify,1MiB,18,1,0.810756
ubuntu-linux,ecdsa-p256,sign,1MiB,19,1,0.819964
ubuntu-linux,ecdsa-p256,verify,1MiB,19,1,0.807891
ubuntu-linux,ecdsa-p256,sign,1MiB,20,1,0.825965
ubuntu-linux,ecdsa-p256,verify,1MiB,20,1,0.808633
ubuntu-linux,ecdsa-p256,sign,1MiB,21,1,0.831706
ubuntu-linux,ecdsa-p256,verify,1MiB,21,1,0.806980
ubuntu-linux,ecdsa-p256,sign,1MiB,22,1,0.832127
ubuntu-linux,ecdsa-p256,verify,1MiB,22,1,0.815545
ubuntu-linux,ecdsa-p256,sign,1MiB,23,1,0.827168
ubuntu-linux,ecdsa-p256,verify,1MiB,23,1,0.806999
ubuntu-linux,ecdsa-p256,sign,1MiB,24,1,0.825595
ubuntu-linux,ecdsa-p256,verify,1MiB,24,1,0.798694
ubuntu-linux,ecdsa-p256,sign,1MiB,25,1,0.830784
ubuntu-linux,ecdsa-p256,verify,1MiB,25,1,0.807711
ubuntu-linux,ecdsa-p256,sign,1MiB,26,1,0.830694
ubuntu-linux,ecdsa-p256,verify,1MiB,26,1,0.816237
ubuntu-linux,ecdsa-p256,sign,1MiB,27,1,0.822870
ubuntu-linux,ecdsa-p256,verify,1MiB,27,1,0.810557
ubuntu-linux,ecdsa-p256,sign,1MiB,28,1,0.825314
ubuntu-linux,ecdsa-p256,verify,1MiB,28,1,0.807951
ubuntu-linux,ecdsa-p256,sign,1MiB,29,1,0.826677
ubuntu-linux,ecdsa-p256,verify,1MiB,29,1,0.804005
ubuntu-linux,ecdsa-p256,sign,1MiB,30,1,0.836626
ubuntu-linux,ecdsa-p256,verify,1MiB,30,1,0.815977
ubuntu-linux,ecdsa-p256,sign,8MiB,1,1,4.250004
ubuntu-linux,ecdsa-p256,verify,8MiB,1,1,4.257959
ubuntu-linux,ecdsa-p256,sign,8MiB,2,1,4.256005
ubuntu-linux,ecdsa-p256,verify,8MiB,2,1,4.250996
ubuntu-linux,ecdsa-p256,sign,8MiB,3,1,4.328682
ubuntu-linux,ecdsa-p256,verify,8MiB,3,1,4.290089
ubuntu-linux,ecdsa-p256,sign,8MiB,4,1,4.289708
ubuntu-linux,ecdsa-p256,verify,8MiB,4,1,4.294508
ubuntu-linux,ecdsa-p256,sign,8MiB,5,1,4.278718
ubuntu-linux,ecdsa-p256,verify,8MiB,5,1,4.299807
ubuntu-linux,ecdsa-p256,sign,8MiB,6,1,4.303063
ubuntu-linux,ecdsa-p256,verify,8MiB,6,1,4.700222
ubuntu-linux,ecdsa-p256,sign,8MiB,7,1,4.902151
ubuntu-linux,ecdsa-p256,verify,8MiB,7,1,5.025685
ubuntu-linux,ecdsa-p256,sign,8MiB,8,1,4.752119
ubuntu-linux,ecdsa-p256,verify,8MiB,8,1,4.218374
ubuntu-linux,ecdsa-p256,sign,8MiB,9,1,4.219687
ubuntu-linux,ecdsa-p256,verify,8MiB,9,1,4.203526
ubuntu-linux,ecdsa-p256,sign,8MiB,10,1,4.250474
ubuntu-linux,ecdsa-p256,verify,8MiB,10,1,4.228553
ubuntu-linux,ecdsa-p256,sign,8MiB,11,1,4.255143
ubuntu-linux,ecdsa-p256,verify,8MiB,11,1,4.179180
ubuntu-linux,ecdsa-p256,sign,8MiB,12,1,4.182086
ubuntu-linux,ecdsa-p256,verify,8MiB,12,1,4.180773
ubuntu-linux,ecdsa-p256,sign,8MiB,13,1,4.182997
ubuntu-linux,ecdsa-p256,verify,8MiB,13,1,4.171005
ubuntu-linux,ecdsa-p256,sign,8MiB,14,1,4.197474
ubuntu-linux,ecdsa-p256,verify,8MiB,14,1,4.176686
ubuntu-linux,ecdsa-p256,sign,8MiB,15,1,4.206311
ubuntu-linux,ecdsa-p256,verify,8MiB,15,1,4.182196
ubuntu-linux,ecdsa-p256,sign,8MiB,16,1,4.221680
ubuntu-linux,ecdsa-p256,verify,8MiB,16,1,4.186183
ubuntu-linux,ecdsa-p256,sign,8MiB,17,1,4.234134
ubuntu-linux,ecdsa-p256,verify,8MiB,17,1,4.223433
ubuntu-linux,ecdsa-p256,sign,8MiB,18,1,4.224024
ubuntu-linux,ecdsa-p256,verify,8MiB,18,1,4.731710
ubuntu-linux,ecdsa-p256,sign,8MiB,19,1,4.268008
ubuntu-linux,ecdsa-p256,verify,8MiB,19,1,4.218574
ubuntu-linux,ecdsa-p256,sign,8MiB,20,1,4.228994
ubuntu-linux,ecdsa-p256,verify,8MiB,20,1,4.200700
ubuntu-linux,ecdsa-p256,sign,8MiB,21,1,4.228994
ubuntu-linux,ecdsa-p256,verify,8MiB,21,1,4.224686
ubuntu-linux,ecdsa-p256,sign,8MiB,22,1,4.219416
ubuntu-linux,ecdsa-p256,verify,8MiB,22,1,4.210409
ubuntu-linux,ecdsa-p256,sign,8MiB,23,1,4.234575
ubuntu-linux,ecdsa-p256,verify,8MiB,23,1,4.219837
ubuntu-linux,ecdsa-p256,sign,8MiB,24,1,4.226259
ubuntu-linux,ecdsa-p256,verify,8MiB,24,1,4.218885
ubuntu-linux,ecdsa-p256,sign,8MiB,25,1,4.322680
ubuntu-linux,ecdsa-p256,verify,8MiB,25,1,4.307301
ubuntu-linux,ecdsa-p256,sign,8MiB,26,1,4.386620
ubuntu-linux,ecdsa-p256,verify,8MiB,26,1,4.345112
ubuntu-linux,ecdsa-p256,sign,8MiB,27,1,4.311730
ubuntu-linux,ecdsa-p256,verify,8MiB,27,1,4.311039
ubuntu-linux,ecdsa-p256,sign,8MiB,28,1,4.411367
ubuntu-linux,ecdsa-p256,verify,8MiB,28,1,4.302933
ubuntu-linux,ecdsa-p256,sign,8MiB,29,1,4.433499
ubuntu-linux,ecdsa-p256,verify,8MiB,29,1,4.517818
ubuntu-linux,ecdsa-p256,sign,8MiB,30,1,4.488142
ubuntu-linux,ecdsa-p256,verify,8MiB,30,1,4.356233
ubuntu-linux,rsa-pss-3072,keygen,na,1,1,534.383135
ubuntu-linux,rsa-pss-3072,keygen,na,2,1,215.800062
ubuntu-linux,rsa-pss-3072,keygen,na,3,1,1048.593539
ubuntu-linux,rsa-pss-3072,keygen,na,4,1,385.345256
ubuntu-linux,rsa-pss-3072,keygen,na,5,1,434.573917
ubuntu-linux,rsa-pss-3072,keygen,na,6,1,265.063504
ubuntu-linux,rsa-pss-3072,keygen,na,7,1,323.268248
ubuntu-linux,rsa-pss-3072,keygen,na,8,1,1333.781016
ubuntu-linux,rsa-pss-3072,keygen,na,9,1,225.135252
ubuntu-linux,rsa-pss-3072,keygen,na,10,1,437.354141
ubuntu-linux,rsa-pss-3072,keygen,na,11,1,279.807861
ubuntu-linux,rsa-pss-3072,keygen,na,12,1,302.791903
ubuntu-linux,rsa-pss-3072,keygen,na,13,1,369.199925
ubuntu-linux,rsa-pss-3072,keygen,na,14,1,534.265766
ubuntu-linux,rsa-pss-3072,keygen,na,15,1,319.125916
ubuntu-linux,rsa-pss-3072,keygen,na,16,1,182.085196
ubuntu-linux,rsa-pss-3072,keygen,na,17,1,289.994282
ubuntu-linux,rsa-pss-3072,keygen,na,18,1,778.382058
ubuntu-linux,rsa-pss-3072,keygen,na,19,1,714.501260
ubuntu-linux,rsa-pss-3072,keygen,na,20,1,124.455144
ubuntu-linux,rsa-pss-3072,keygen,na,21,1,462.144032
ubuntu-linux,rsa-pss-3072,keygen,na,22,1,387.591336
ubuntu-linux,rsa-pss-3072,keygen,na,23,1,386.433496
ubuntu-linux,rsa-pss-3072,keygen,na,24,1,346.629788
ubuntu-linux,rsa-pss-3072,keygen,na,25,1,1081.711718
ubuntu-linux,rsa-pss-3072,keygen,na,26,1,315.391545
ubuntu-linux,rsa-pss-3072,keygen,na,27,1,388.555907
ubuntu-linux,rsa-pss-3072,keygen,na,28,1,535.224028
ubuntu-linux,rsa-pss-3072,keygen,na,29,1,389.429821
ubuntu-linux,rsa-pss-3072,keygen,na,30,1,165.274451
ubuntu-linux,rsa-pss-3072,sign,1KiB,1,1,2.291555
ubuntu-linux,rsa-pss-3072,verify,1KiB,1,1,0.308751
ubuntu-linux,rsa-pss-3072,sign,1KiB,2,1,2.260235
ubuntu-linux,rsa-pss-3072,verify,1KiB,2,1,0.307570
ubuntu-linux,rsa-pss-3072,sign,1KiB,3,1,2.250557
ubuntu-linux,rsa-pss-3072,verify,1KiB,3,1,0.293613
ubuntu-linux,rsa-pss-3072,sign,1KiB,4,1,2.264974
ubuntu-linux,rsa-pss-3072,verify,1KiB,4,1,0.299654
ubuntu-linux,rsa-pss-3072,sign,1KiB,5,1,2.261017
ubuntu-linux,rsa-pss-3072,verify,1KiB,5,1,0.292551
ubuntu-linux,rsa-pss-3072,sign,1KiB,6,1,2.257200
ubuntu-linux,rsa-pss-3072,verify,1KiB,6,1,0.292300
ubuntu-linux,rsa-pss-3072,sign,1KiB,7,1,2.250247
ubuntu-linux,rsa-pss-3072,verify,1KiB,7,1,0.307099
ubuntu-linux,rsa-pss-3072,sign,1KiB,8,1,2.247331
ubuntu-linux,rsa-pss-3072,verify,1KiB,8,1,0.296087
ubuntu-linux,rsa-pss-3072,sign,1KiB,9,1,2.278250
ubuntu-linux,rsa-pss-3072,verify,1KiB,9,1,0.340320
ubuntu-linux,rsa-pss-3072,sign,1KiB,10,1,2.290994
ubuntu-linux,rsa-pss-3072,verify,1KiB,10,1,0.338187
ubuntu-linux,rsa-pss-3072,sign,1KiB,11,1,2.309729
ubuntu-linux,rsa-pss-3072,verify,1KiB,11,1,0.355158
ubuntu-linux,rsa-pss-3072,sign,1KiB,12,1,2.305581
ubuntu-linux,rsa-pss-3072,verify,1KiB,12,1,0.328168
ubuntu-linux,rsa-pss-3072,sign,1KiB,13,1,2.302735
ubuntu-linux,rsa-pss-3072,verify,1KiB,13,1,0.308430
ubuntu-linux,rsa-pss-3072,sign,1KiB,14,1,2.315420
ubuntu-linux,rsa-pss-3072,verify,1KiB,14,1,0.340481
ubuntu-linux,rsa-pss-3072,sign,1KiB,15,1,2.315449
ubuntu-linux,rsa-pss-3072,verify,1KiB,15,1,0.351121
ubuntu-linux,rsa-pss-3072,sign,1KiB,16,1,2.302806
ubuntu-linux,rsa-pss-3072,verify,1KiB,16,1,0.394142
ubuntu-linux,rsa-pss-3072,sign,1KiB,17,1,2.315419
ubuntu-linux,rsa-pss-3072,verify,1KiB,17,1,0.358756
ubuntu-linux,rsa-pss-3072,sign,1KiB,18,1,2.300822
ubuntu-linux,rsa-pss-3072,verify,1KiB,18,1,0.319030
ubuntu-linux,rsa-pss-3072,sign,1KiB,19,1,2.303026
ubuntu-linux,rsa-pss-3072,verify,1KiB,19,1,0.320504
ubuntu-linux,rsa-pss-3072,sign,1KiB,20,1,2.304669
ubuntu-linux,rsa-pss-3072,verify,1KiB,20,1,0.328729
ubuntu-linux,rsa-pss-3072,sign,1KiB,21,1,2.292697
ubuntu-linux,rsa-pss-3072,verify,1KiB,21,1,0.334660
ubuntu-linux,rsa-pss-3072,sign,1KiB,22,1,2.302184
ubuntu-linux,rsa-pss-3072,verify,1KiB,22,1,0.348857
ubuntu-linux,rsa-pss-3072,sign,1KiB,23,1,2.332812
ubuntu-linux,rsa-pss-3072,verify,1KiB,23,1,0.332776
ubuntu-linux,rsa-pss-3072,sign,1KiB,24,1,2.285213
ubuntu-linux,rsa-pss-3072,verify,1KiB,24,1,0.309493
ubuntu-linux,rsa-pss-3072,sign,1KiB,25,1,2.297435
ubuntu-linux,rsa-pss-3072,verify,1KiB,25,1,0.335342
ubuntu-linux,rsa-pss-3072,sign,1KiB,26,1,2.310550
ubuntu-linux,rsa-pss-3072,verify,1KiB,26,1,0.335161
ubuntu-linux,rsa-pss-3072,sign,1KiB,27,1,2.297606
ubuntu-linux,rsa-pss-3072,verify,1KiB,27,1,0.374976
ubuntu-linux,rsa-pss-3072,sign,1KiB,28,1,2.331500
ubuntu-linux,rsa-pss-3072,verify,1KiB,28,1,0.369946
ubuntu-linux,rsa-pss-3072,sign,1KiB,29,1,2.348171
ubuntu-linux,rsa-pss-3072,verify,1KiB,29,1,0.341413
ubuntu-linux,rsa-pss-3072,sign,1KiB,30,1,2.316561
ubuntu-linux,rsa-pss-3072,verify,1KiB,30,1,0.346823
ubuntu-linux,rsa-pss-3072,sign,16KiB,1,1,2.312363
ubuntu-linux,rsa-pss-3072,verify,16KiB,1,1,0.363144
ubuntu-linux,rsa-pss-3072,sign,16KiB,2,1,2.353040
ubuntu-linux,rsa-pss-3072,verify,16KiB,2,1,0.365328
ubuntu-linux,rsa-pss-3072,sign,16KiB,3,1,2.352880
ubuntu-linux,rsa-pss-3072,verify,16KiB,3,1,0.344208
ubuntu-linux,rsa-pss-3072,sign,16KiB,4,1,2.284301
ubuntu-linux,rsa-pss-3072,verify,16KiB,4,1,0.393050
ubuntu-linux,rsa-pss-3072,sign,16KiB,5,1,2.338784
ubuntu-linux,rsa-pss-3072,verify,16KiB,5,1,0.332376
ubuntu-linux,rsa-pss-3072,sign,16KiB,6,1,2.314718
ubuntu-linux,rsa-pss-3072,verify,16KiB,6,1,0.325733
ubuntu-linux,rsa-pss-3072,sign,16KiB,7,1,2.305421
ubuntu-linux,rsa-pss-3072,verify,16KiB,7,1,0.356091
ubuntu-linux,rsa-pss-3072,sign,16KiB,8,1,2.340817
ubuntu-linux,rsa-pss-3072,verify,16KiB,8,1,0.373723
ubuntu-linux,rsa-pss-3072,sign,16KiB,9,1,2.320389
ubuntu-linux,rsa-pss-3072,verify,16KiB,9,1,0.358655
ubuntu-linux,rsa-pss-3072,sign,16KiB,10,1,2.379901
ubuntu-linux,rsa-pss-3072,verify,16KiB,10,1,0.365198
ubuntu-linux,rsa-pss-3072,sign,16KiB,11,1,2.289270
ubuntu-linux,rsa-pss-3072,verify,16KiB,11,1,0.307138
ubuntu-linux,rsa-pss-3072,sign,16KiB,12,1,2.342850
ubuntu-linux,rsa-pss-3072,verify,16KiB,12,1,0.318540
ubuntu-linux,rsa-pss-3072,sign,16KiB,13,1,2.297055
ubuntu-linux,rsa-pss-3072,verify,16KiB,13,1,0.354117
ubuntu-linux,rsa-pss-3072,sign,16KiB,14,1,2.308606
ubuntu-linux,rsa-pss-3072,verify,16KiB,14,1,0.336022
ubuntu-linux,rsa-pss-3072,sign,16KiB,15,1,2.282237
ubuntu-linux,rsa-pss-3072,verify,16KiB,15,1,0.307990
ubuntu-linux,rsa-pss-3072,sign,16KiB,16,1,2.274592
ubuntu-linux,rsa-pss-3072,verify,16KiB,16,1,0.323379
ubuntu-linux,rsa-pss-3072,sign,16KiB,17,1,2.306001
ubuntu-linux,rsa-pss-3072,verify,16KiB,17,1,0.305946
ubuntu-linux,rsa-pss-3072,sign,16KiB,18,1,2.282027
ubuntu-linux,rsa-pss-3072,verify,16KiB,18,1,0.309032
ubuntu-linux,rsa-pss-3072,sign,16KiB,19,1,2.282127
ubuntu-linux,rsa-pss-3072,verify,16KiB,19,1,0.301057
ubuntu-linux,rsa-pss-3072,sign,16KiB,20,1,2.280724
ubuntu-linux,rsa-pss-3072,verify,16KiB,20,1,0.302559
ubuntu-linux,rsa-pss-3072,sign,16KiB,21,1,2.278410
ubuntu-linux,rsa-pss-3072,verify,16KiB,21,1,0.314082
ubuntu-linux,rsa-pss-3072,sign,16KiB,22,1,2.271126
ubuntu-linux,rsa-pss-3072,verify,16KiB,22,1,0.299624
ubuntu-linux,rsa-pss-3072,sign,16KiB,23,1,2.265054
ubuntu-linux,rsa-pss-3072,verify,16KiB,23,1,0.311226
ubuntu-linux,rsa-pss-3072,sign,16KiB,24,1,2.273240
ubuntu-linux,rsa-pss-3072,verify,16KiB,24,1,0.306778
ubuntu-linux,rsa-pss-3072,sign,16KiB,25,1,2.261628
ubuntu-linux,rsa-pss-3072,verify,16KiB,25,1,0.301588
ubuntu-linux,rsa-pss-3072,sign,16KiB,26,1,2.276917
ubuntu-linux,rsa-pss-3072,verify,16KiB,26,1,0.302089
ubuntu-linux,rsa-pss-3072,sign,16KiB,27,1,2.278209
ubuntu-linux,rsa-pss-3072,verify,16KiB,27,1,0.297420
ubuntu-linux,rsa-pss-3072,sign,16KiB,28,1,2.267268
ubuntu-linux,rsa-pss-3072,verify,16KiB,28,1,0.306517
ubuntu-linux,rsa-pss-3072,sign,16KiB,29,1,2.254806
ubuntu-linux,rsa-pss-3072,verify,16KiB,29,1,0.299274
ubuntu-linux,rsa-pss-3072,sign,16KiB,30,1,2.272188
ubuntu-linux,rsa-pss-3072,verify,16KiB,30,1,0.309884
ubuntu-linux,rsa-pss-3072,sign,1MiB,1,1,2.731292
ubuntu-linux,rsa-pss-3072,verify,1MiB,1,1,0.779257
ubuntu-linux,rsa-pss-3072,sign,1MiB,2,1,2.715232
ubuntu-linux,rsa-pss-3072,verify,1MiB,2,1,0.783115
ubuntu-linux,rsa-pss-3072,sign,1MiB,3,1,2.751961
ubuntu-linux,rsa-pss-3072,verify,1MiB,3,1,0.812941
ubuntu-linux,rsa-pss-3072,sign,1MiB,4,1,2.732985
ubuntu-linux,rsa-pss-3072,verify,1MiB,4,1,0.784276
ubuntu-linux,rsa-pss-3072,sign,1MiB,5,1,2.748164
ubuntu-linux,rsa-pss-3072,verify,1MiB,5,1,0.785249
ubuntu-linux,rsa-pss-3072,sign,1MiB,6,1,2.732926
ubuntu-linux,rsa-pss-3072,verify,1MiB,6,1,0.777624
ubuntu-linux,rsa-pss-3072,sign,1MiB,7,1,2.740420
ubuntu-linux,rsa-pss-3072,verify,1MiB,7,1,0.781190
ubuntu-linux,rsa-pss-3072,sign,1MiB,8,1,2.765236
ubuntu-linux,rsa-pss-3072,verify,1MiB,8,1,0.822258
ubuntu-linux,rsa-pss-3072,sign,1MiB,9,1,2.775355
ubuntu-linux,rsa-pss-3072,verify,1MiB,9,1,0.836254
ubuntu-linux,rsa-pss-3072,sign,1MiB,10,1,2.762552
ubuntu-linux,rsa-pss-3072,verify,1MiB,10,1,0.808382
ubuntu-linux,rsa-pss-3072,sign,1MiB,11,1,2.738626
ubuntu-linux,rsa-pss-3072,verify,1MiB,11,1,0.791079
ubuntu-linux,rsa-pss-3072,sign,1MiB,12,1,2.748214
ubuntu-linux,rsa-pss-3072,verify,1MiB,12,1,0.788976
ubuntu-linux,rsa-pss-3072,sign,1MiB,13,1,2.728737
ubuntu-linux,rsa-pss-3072,verify,1MiB,13,1,0.780730
ubuntu-linux,rsa-pss-3072,sign,1MiB,14,1,2.730611
ubuntu-linux,rsa-pss-3072,verify,1MiB,14,1,0.784157
ubuntu-linux,rsa-pss-3072,sign,1MiB,15,1,2.724860
ubuntu-linux,rsa-pss-3072,verify,1MiB,15,1,0.772705
ubuntu-linux,rsa-pss-3072,sign,1MiB,16,1,2.740619
ubuntu-linux,rsa-pss-3072,verify,1MiB,16,1,0.791670
ubuntu-linux,rsa-pss-3072,sign,1MiB,17,1,2.739077
ubuntu-linux,rsa-pss-3072,verify,1MiB,17,1,0.774488
ubuntu-linux,rsa-pss-3072,sign,1MiB,18,1,2.741712
ubuntu-linux,rsa-pss-3072,verify,1MiB,18,1,0.782934
ubuntu-linux,rsa-pss-3072,sign,1MiB,19,1,2.741842
ubuntu-linux,rsa-pss-3072,verify,1MiB,19,1,0.770690
ubuntu-linux,rsa-pss-3072,sign,1MiB,20,1,2.747744
ubuntu-linux,rsa-pss-3072,verify,1MiB,20,1,0.797612
ubuntu-linux,rsa-pss-3072,sign,1MiB,21,1,2.734588
ubuntu-linux,rsa-pss-3072,verify,1MiB,21,1,0.778425
ubuntu-linux,rsa-pss-3072,sign,1MiB,22,1,2.751220
ubuntu-linux,rsa-pss-3072,verify,1MiB,22,1,0.786310
ubuntu-linux,rsa-pss-3072,sign,1MiB,23,1,2.743395
ubuntu-linux,rsa-pss-3072,verify,1MiB,23,1,0.769680
ubuntu-linux,rsa-pss-3072,sign,1MiB,24,1,2.697739
ubuntu-linux,rsa-pss-3072,verify,1MiB,24,1,0.776352
ubuntu-linux,rsa-pss-3072,sign,1MiB,25,1,2.701396
ubuntu-linux,rsa-pss-3072,verify,1MiB,25,1,0.761384
ubuntu-linux,rsa-pss-3072,sign,1MiB,26,1,2.735870
ubuntu-linux,rsa-pss-3072,verify,1MiB,26,1,0.778175
ubuntu-linux,rsa-pss-3072,sign,1MiB,27,1,2.717437
ubuntu-linux,rsa-pss-3072,verify,1MiB,27,1,0.772224
ubuntu-linux,rsa-pss-3072,sign,1MiB,28,1,2.710303
ubuntu-linux,rsa-pss-3072,verify,1MiB,28,1,0.779247
ubuntu-linux,rsa-pss-3072,sign,1MiB,29,1,2.725812
ubuntu-linux,rsa-pss-3072,verify,1MiB,29,1,0.766713
ubuntu-linux,rsa-pss-3072,sign,1MiB,30,1,2.713259
ubuntu-linux,rsa-pss-3072,verify,1MiB,30,1,0.777684
ubuntu-linux,rsa-pss-3072,sign,8MiB,1,1,6.161621
ubuntu-linux,rsa-pss-3072,verify,8MiB,1,1,4.203494
ubuntu-linux,rsa-pss-3072,sign,8MiB,2,1,6.143226
ubuntu-linux,rsa-pss-3072,verify,8MiB,2,1,4.189387
ubuntu-linux,rsa-pss-3072,sign,8MiB,3,1,6.110104
ubuntu-linux,rsa-pss-3072,verify,8MiB,3,1,4.178467
ubuntu-linux,rsa-pss-3072,sign,8MiB,4,1,6.124170
ubuntu-linux,rsa-pss-3072,verify,8MiB,4,1,4.243409
ubuntu-linux,rsa-pss-3072,sign,8MiB,5,1,6.135972
ubuntu-linux,rsa-pss-3072,verify,8MiB,5,1,4.193976
ubuntu-linux,rsa-pss-3072,sign,8MiB,6,1,6.124000
ubuntu-linux,rsa-pss-3072,verify,8MiB,6,1,4.190870
ubuntu-linux,rsa-pss-3072,sign,8MiB,7,1,6.116004
ubuntu-linux,rsa-pss-3072,verify,8MiB,7,1,4.216499
ubuntu-linux,rsa-pss-3072,sign,8MiB,8,1,6.289902
ubuntu-linux,rsa-pss-3072,verify,8MiB,8,1,4.337737
ubuntu-linux,rsa-pss-3072,sign,8MiB,9,1,6.273782
ubuntu-linux,rsa-pss-3072,verify,8MiB,9,1,4.319202
ubuntu-linux,rsa-pss-3072,sign,8MiB,10,1,6.359022
ubuntu-linux,rsa-pss-3072,verify,8MiB,10,1,4.365329
ubuntu-linux,rsa-pss-3072,sign,8MiB,11,1,6.327333
ubuntu-linux,rsa-pss-3072,verify,8MiB,11,1,4.297692
ubuntu-linux,rsa-pss-3072,sign,8MiB,12,1,6.365485
ubuntu-linux,rsa-pss-3072,verify,8MiB,12,1,4.433117
ubuntu-linux,rsa-pss-3072,sign,8MiB,13,1,6.380903
ubuntu-linux,rsa-pss-3072,verify,8MiB,13,1,4.345582
ubuntu-linux,rsa-pss-3072,sign,8MiB,14,1,6.488827
ubuntu-linux,rsa-pss-3072,verify,8MiB,14,1,4.344078
ubuntu-linux,rsa-pss-3072,sign,8MiB,15,1,6.196176
ubuntu-linux,rsa-pss-3072,verify,8MiB,15,1,4.236125
ubuntu-linux,rsa-pss-3072,sign,8MiB,16,1,6.163203
ubuntu-linux,rsa-pss-3072,verify,8MiB,16,1,4.240824
ubuntu-linux,rsa-pss-3072,sign,8MiB,17,1,6.171399
ubuntu-linux,rsa-pss-3072,verify,8MiB,17,1,4.224694
ubuntu-linux,rsa-pss-3072,sign,8MiB,18,1,6.130492
ubuntu-linux,rsa-pss-3072,verify,8MiB,18,1,4.205478
ubuntu-linux,rsa-pss-3072,sign,8MiB,19,1,6.148035
ubuntu-linux,rsa-pss-3072,verify,8MiB,19,1,4.198063
ubuntu-linux,rsa-pss-3072,sign,8MiB,20,1,6.124802
ubuntu-linux,rsa-pss-3072,verify,8MiB,20,1,4.209525
ubuntu-linux,rsa-pss-3072,sign,8MiB,21,1,6.154888
ubuntu-linux,rsa-pss-3072,verify,8MiB,21,1,4.194247
ubuntu-linux,rsa-pss-3072,sign,8MiB,22,1,6.156311
ubuntu-linux,rsa-pss-3072,verify,8MiB,22,1,4.189298
ubuntu-linux,rsa-pss-3072,sign,8MiB,23,1,6.154848
ubuntu-linux,rsa-pss-3072,verify,8MiB,23,1,4.209665
ubuntu-linux,rsa-pss-3072,sign,8MiB,24,1,6.192238
ubuntu-linux,rsa-pss-3072,verify,8MiB,24,1,4.231367
ubuntu-linux,rsa-pss-3072,sign,8MiB,25,1,6.205192
ubuntu-linux,rsa-pss-3072,verify,8MiB,25,1,4.198264
ubuntu-linux,rsa-pss-3072,sign,8MiB,26,1,6.157352
ubuntu-linux,rsa-pss-3072,verify,8MiB,26,1,4.221859
ubuntu-linux,rsa-pss-3072,sign,8MiB,27,1,6.131845
ubuntu-linux,rsa-pss-3072,verify,8MiB,27,1,4.188215
ubuntu-linux,rsa-pss-3072,sign,8MiB,28,1,6.098942
ubuntu-linux,rsa-pss-3072,verify,8MiB,28,1,4.138932
ubuntu-linux,rsa-pss-3072,sign,8MiB,29,1,6.062965
ubuntu-linux,rsa-pss-3072,verify,8MiB,29,1,4.158219
ubuntu-linux,rsa-pss-3072,sign,8MiB,30,1,6.097510
ubuntu-linux,rsa-pss-3072,verify,8MiB,30,1,4.165262
